﻿<process name="Certification Guide - Examples" version="1.0" narrative="Few examples demostrating the questions in certification exam" preferredid="9972b826-067d-458c-bfc0-ecd98f7c1e8f">
  <view>
    <camerax>0</camerax>
    <cameray>0</cameray>
    <zoom>1</zoom>
  </view>
  <preconditions />
  <endpoint narrative="" />
  <subsheet subsheetid="84bc8a66-e067-4338-b2c0-84a8c2d96dc2" type="Normal" published="False">
    <name>Looping thru collection</name>
    <view>
      <camerax>0</camerax>
      <cameray>0</cameray>
      <zoom>1</zoom>
    </view>
  </subsheet>
  <subsheet subsheetid="23d9b88e-c796-45f1-9003-2d0eb76965a9" type="Normal" published="False">
    <name>Normal loop</name>
    <view>
      <camerax>0</camerax>
      <cameray>0</cameray>
      <zoom>1</zoom>
    </view>
  </subsheet>
  <subsheet subsheetid="ba6774d9-aef8-409d-ac08-3a697e2618ed" type="Normal" published="False">
    <name>Predefined Functions (String &amp; Dates)</name>
    <view>
      <camerax>329</camerax>
      <cameray>-42</cameray>
      <zoom>1</zoom>
    </view>
  </subsheet>
  <subsheet subsheetid="fa99fe50-7a81-420d-9d8c-3fa83ddc9770" type="Normal" published="False">
    <name>Object calling</name>
    <view>
      <camerax>0</camerax>
      <cameray>0</cameray>
      <zoom>1</zoom>
    </view>
  </subsheet>
  <subsheet subsheetid="e7dff3c3-95a7-4c37-bc04-d468d3d89888" type="Normal" published="False">
    <name>Step in- Step Out, Step Over - Set Next stage Breakpoint</name>
    <view>
      <camerax>-497.5</camerax>
      <cameray>-84</cameray>
      <zoom>1</zoom>
    </view>
  </subsheet>
  <subsheet subsheetid="cdf0cb07-0c31-4b34-9a70-54e28b709f56" type="Normal" published="False">
    <name>Exception Handling 1</name>
    <view>
      <camerax>0</camerax>
      <cameray>-84</cameray>
      <zoom>1</zoom>
    </view>
  </subsheet>
  <subsheet subsheetid="73ecb40c-4f1a-47a3-8163-a35d30150ea6" type="Normal" published="False">
    <name>Exception Handling 2</name>
    <view>
      <camerax>436</camerax>
      <cameray>168</cameray>
      <zoom>1</zoom>
    </view>
  </subsheet>
  <subsheet subsheetid="f1d78483-cf95-464f-9076-cd4fd10ac2c4" type="Normal" published="False">
    <name>Exception Handling 3 - Retries</name>
    <view>
      <camerax>100</camerax>
      <cameray>-42</cameray>
      <zoom>1</zoom>
    </view>
  </subsheet>
  <subsheet subsheetid="167b4d81-1620-42a1-adba-105dbca2e168" type="Normal" published="False">
    <name>Load Task 1</name>
    <view>
      <camerax>0</camerax>
      <cameray>0</cameray>
      <zoom>1</zoom>
    </view>
  </subsheet>
  <subsheet subsheetid="6a0bdb12-5ba7-4dac-99d1-59a25ea5c648" type="Normal" published="False">
    <name>Load Task 2</name>
    <view>
      <camerax>0</camerax>
      <cameray>0</cameray>
      <zoom>1</zoom>
    </view>
  </subsheet>
  <stage stageid="9a5a6549-5b42-48f6-a338-8fc2989cb3f2" name="Start" type="Start">
    <narrative>
    </narrative>
    <displayx>15</displayx>
    <displayy>-195</displayy>
    <displaywidth>60</displaywidth>
    <displayheight>30</displayheight>
    <font family="Tahoma" size="10" style="Regular" color="000000" />
  </stage>
  <stage stageid="1f93bca2-e869-4350-a24f-1a10af0ebb3d" name="End" type="End">
    <narrative>
    </narrative>
    <displayx>15</displayx>
    <displayy>135</displayy>
    <displaywidth>60</displaywidth>
    <displayheight>30</displayheight>
    <font family="Tahoma" size="10" style="Regular" color="000000" />
  </stage>
  <stage stageid="b2299765-95ef-4589-b396-efb969e68eb1" name="Stage1" type="ProcessInfo">
    <narrative>
    </narrative>
    <displayx>-465</displayx>
    <displayy>-150</displayy>
    <displaywidth>150</displaywidth>
    <displayheight>90</displayheight>
    <font family="Tahoma" size="10" style="Regular" color="000000" />
  </stage>
  <stage stageid="c572df07-05ec-40af-b854-33815bcdcb56" name="Looping thru collection" type="SubSheetInfo">
    <subsheetid>84bc8a66-e067-4338-b2c0-84a8c2d96dc2</subsheetid>
    <narrative>
    </narrative>
    <displayx>-195</displayx>
    <displayy>-105</displayy>
    <displaywidth>150</displaywidth>
    <displayheight>90</displayheight>
    <font family="Tahoma" size="10" style="Regular" color="000000" />
  </stage>
  <stage stageid="339534cf-c894-48a1-893d-1145eaa44dd5" name="Start" type="Start">
    <subsheetid>84bc8a66-e067-4338-b2c0-84a8c2d96dc2</subsheetid>
    <narrative>
    </narrative>
    <displayx>30</displayx>
    <displayy>-180</displayy>
    <displaywidth>60</displaywidth>
    <displayheight>30</displayheight>
    <font family="Tahoma" size="10" style="Regular" color="000000" />
    <onsuccess>d87a4c2a-30b3-49f4-a197-aff1d71c0ad2</onsuccess>
  </stage>
  <stage stageid="11c8750b-9619-4b09-849b-301cc3047565" name="End" type="End">
    <subsheetid>84bc8a66-e067-4338-b2c0-84a8c2d96dc2</subsheetid>
    <narrative>
    </narrative>
    <displayx>30</displayx>
    <displayy>135</displayy>
    <displaywidth>60</displaywidth>
    <displayheight>30</displayheight>
    <font family="Tahoma" size="10" style="Regular" color="000000" />
  </stage>
  <stage stageid="d87a4c2a-30b3-49f4-a197-aff1d71c0ad2" name="Loop Start1" type="LoopStart">
    <subsheetid>84bc8a66-e067-4338-b2c0-84a8c2d96dc2</subsheetid>
    <narrative>
    </narrative>
    <displayx>30</displayx>
    <displayy>-120</displayy>
    <displaywidth>60</displaywidth>
    <displayheight>30</displayheight>
    <font family="Tahoma" size="10" style="Regular" color="000000" />
    <onsuccess>97a30f54-5fd2-4e54-a795-638a268289f3</onsuccess>
    <groupid>12ee8594-a9ee-4f85-b30e-3e0f0db3cf7a</groupid>
    <looptype>ForEach</looptype>
    <loopdata>
    </loopdata>
  </stage>
  <stage stageid="04ff8b1c-8e70-4d8f-8b08-b736c122cd88" name="Loop End1" type="LoopEnd">
    <subsheetid>84bc8a66-e067-4338-b2c0-84a8c2d96dc2</subsheetid>
    <narrative>
    </narrative>
    <displayx>30</displayx>
    <displayy>75</displayy>
    <displaywidth>60</displaywidth>
    <displayheight>30</displayheight>
    <font family="Tahoma" size="10" style="Regular" color="000000" />
    <onsuccess>11c8750b-9619-4b09-849b-301cc3047565</onsuccess>
    <groupid>12ee8594-a9ee-4f85-b30e-3e0f0db3cf7a</groupid>
  </stage>
  <stage stageid="2866a0aa-2cd0-4a3c-8b50-e4a97fd4c1e6" name="Employees" type="Collection">
    <subsheetid>84bc8a66-e067-4338-b2c0-84a8c2d96dc2</subsheetid>
    <narrative>
    </narrative>
    <displayx>315</displayx>
    <displayy>-180</displayy>
    <displaywidth>120</displaywidth>
    <displayheight>60</displayheight>
    <font family="Tahoma" size="10" style="Regular" color="000000" />
    <datatype>collection</datatype>
    <private />
    <alwaysinit />
    <collectioninfo>
      <field name="Name" type="text" />
      <field name="Salary" type="number" />
      <field name="ID" type="text" />
    </collectioninfo>
    <initialvalue>
      <row>
        <field name="Name" type="text" value="Vivek" />
        <field name="Salary" type="number" value="43555" />
        <field name="ID" type="text" value="456" />
      </row>
      <row>
        <field name="Name" type="text" value="Rohit" />
        <field name="Salary" type="number" value="4577878" />
        <field name="ID" type="text" value="678" />
      </row>
      <row>
        <field name="Name" type="text" value="Kishor" />
        <field name="Salary" type="number" value="56722" />
        <field name="ID" type="text" value="789" />
      </row>
    </initialvalue>
  </stage>
  <stage stageid="97a30f54-5fd2-4e54-a795-638a268289f3" name="Calc Total salary" type="Calculation">
    <subsheetid>84bc8a66-e067-4338-b2c0-84a8c2d96dc2</subsheetid>
    <narrative>
    </narrative>
    <displayx>30</displayx>
    <displayy>-45</displayy>
    <displaywidth>60</displaywidth>
    <displayheight>30</displayheight>
    <font family="Tahoma" size="10" style="Regular" color="000000" />
    <onsuccess>04ff8b1c-8e70-4d8f-8b08-b736c122cd88</onsuccess>
    <calculation expression="[Employees.Salary] + [TotalSalary]" stage="TotalSalary" />
  </stage>
  <stage stageid="5353be20-d59e-4795-b2b1-f17b439941db" name="TotalSalary" type="Data">
    <subsheetid>84bc8a66-e067-4338-b2c0-84a8c2d96dc2</subsheetid>
    <narrative>
    </narrative>
    <displayx>315</displayx>
    <displayy>-120</displayy>
    <displaywidth>120</displaywidth>
    <displayheight>30</displayheight>
    <font family="Tahoma" size="10" style="Regular" color="000000" />
    <datatype>number</datatype>
    <initialvalue>0</initialvalue>
    <private />
    <alwaysinit />
  </stage>
  <stage stageid="ae7622dd-c8ad-48b1-a47e-ab96c0044207" name="Normal loop" type="SubSheetInfo">
    <subsheetid>23d9b88e-c796-45f1-9003-2d0eb76965a9</subsheetid>
    <narrative>
    </narrative>
    <displayx>-420</displayx>
    <displayy>-105</displayy>
    <displaywidth>150</displaywidth>
    <displayheight>90</displayheight>
    <font family="Tahoma" size="10" style="Regular" color="000000" />
  </stage>
  <stage stageid="5db6e9ef-7d4c-4920-8050-c04c0c46b297" name="Start" type="Start">
    <subsheetid>23d9b88e-c796-45f1-9003-2d0eb76965a9</subsheetid>
    <narrative>
    </narrative>
    <displayx>15</displayx>
    <displayy>-165</displayy>
    <displaywidth>60</displaywidth>
    <displayheight>30</displayheight>
    <font family="Tahoma" size="10" style="Regular" color="000000" />
    <onsuccess>befc52c1-58d1-4ae7-b076-c50ef545056c</onsuccess>
  </stage>
  <stage stageid="2aa7db12-0295-4fb8-a744-3c83e514d6a9" name="End" type="End">
    <subsheetid>23d9b88e-c796-45f1-9003-2d0eb76965a9</subsheetid>
    <narrative>
    </narrative>
    <displayx>15</displayx>
    <displayy>165</displayy>
    <displaywidth>60</displaywidth>
    <displayheight>30</displayheight>
    <font family="Tahoma" size="10" style="Regular" color="000000" />
  </stage>
  <stage stageid="05a3cebf-3bf4-4588-84c7-ccd8f0a6ea1c" name="Counter" type="Data">
    <subsheetid>23d9b88e-c796-45f1-9003-2d0eb76965a9</subsheetid>
    <narrative>
    </narrative>
    <displayx>315</displayx>
    <displayy>-120</displayy>
    <displaywidth>90</displaywidth>
    <displayheight>60</displayheight>
    <font family="Tahoma" size="10" style="Regular" color="000000" />
    <datatype>number</datatype>
    <initialvalue />
    <private />
    <alwaysinit />
  </stage>
  <stage stageid="d81c661f-be12-4277-b6a9-0ea7a9ccceaf" name="????" type="Decision">
    <subsheetid>23d9b88e-c796-45f1-9003-2d0eb76965a9</subsheetid>
    <narrative>
    </narrative>
    <displayx>15</displayx>
    <displayy>75</displayy>
    <displaywidth>90</displaywidth>
    <displayheight>30</displayheight>
    <font family="Tahoma" size="10" style="Regular" color="000000" />
    <decision expression="????" />
    <ontrue>2aa7db12-0295-4fb8-a744-3c83e514d6a9</ontrue>
    <onfalse>8881e605-ded5-4ab4-9cd1-cc6176ffde22</onfalse>
  </stage>
  <stage stageid="0cead06c-5276-48ac-9a64-76c93b538934" name="Calc1" type="Calculation">
    <subsheetid>23d9b88e-c796-45f1-9003-2d0eb76965a9</subsheetid>
    <narrative>
    </narrative>
    <displayx>15</displayx>
    <displayy>-45</displayy>
    <displaywidth>60</displaywidth>
    <displayheight>30</displayheight>
    <font family="Tahoma" size="10" style="Regular" color="000000" />
    <onsuccess>c4d7bb56-60ea-4593-b27f-8914807c7971</onsuccess>
    <calculation expression="" stage="" />
  </stage>
  <stage stageid="c4d7bb56-60ea-4593-b27f-8914807c7971" name="Calc2" type="Calculation">
    <subsheetid>23d9b88e-c796-45f1-9003-2d0eb76965a9</subsheetid>
    <narrative>
    </narrative>
    <displayx>15</displayx>
    <displayy>15</displayy>
    <displaywidth>60</displaywidth>
    <displayheight>30</displayheight>
    <font family="Tahoma" size="10" style="Regular" color="000000" />
    <onsuccess>d81c661f-be12-4277-b6a9-0ea7a9ccceaf</onsuccess>
    <calculation expression="" stage="" />
  </stage>
  <stage stageid="befc52c1-58d1-4ae7-b076-c50ef545056c" name="anchor1" type="Anchor">
    <subsheetid>23d9b88e-c796-45f1-9003-2d0eb76965a9</subsheetid>
    <narrative>
    </narrative>
    <displayx>15</displayx>
    <displayy>-105</displayy>
    <displaywidth>10</displaywidth>
    <displayheight>10</displayheight>
    <font family="Tahoma" size="10" style="Regular" color="000000" />
    <onsuccess>0cead06c-5276-48ac-9a64-76c93b538934</onsuccess>
  </stage>
  <stage stageid="26cb22cb-1241-4fcf-b620-41159af0554b" name="?????" type="Calculation">
    <subsheetid>23d9b88e-c796-45f1-9003-2d0eb76965a9</subsheetid>
    <narrative>
    </narrative>
    <displayx>-120</displayx>
    <displayy>-15</displayy>
    <displaywidth>60</displaywidth>
    <displayheight>30</displayheight>
    <font family="Tahoma" size="10" style="Regular" color="000000" />
    <onsuccess>11374524-7247-4c57-98cc-fe9fdcce3239</onsuccess>
    <calculation expression="?????" stage="" />
  </stage>
  <stage stageid="11374524-7247-4c57-98cc-fe9fdcce3239" name="anchor2" type="Anchor">
    <subsheetid>23d9b88e-c796-45f1-9003-2d0eb76965a9</subsheetid>
    <narrative>
    </narrative>
    <displayx>-120</displayx>
    <displayy>-105</displayy>
    <displaywidth>10</displaywidth>
    <displayheight>10</displayheight>
    <font family="Tahoma" size="10" style="Regular" color="000000" />
    <onsuccess>befc52c1-58d1-4ae7-b076-c50ef545056c</onsuccess>
  </stage>
  <stage stageid="8881e605-ded5-4ab4-9cd1-cc6176ffde22" name="anchor3" type="Anchor">
    <subsheetid>23d9b88e-c796-45f1-9003-2d0eb76965a9</subsheetid>
    <narrative>
    </narrative>
    <displayx>-120</displayx>
    <displayy>75</displayy>
    <displaywidth>10</displaywidth>
    <displayheight>10</displayheight>
    <font family="Tahoma" size="10" style="Regular" color="000000" />
    <onsuccess>26cb22cb-1241-4fcf-b620-41159af0554b</onsuccess>
  </stage>
  <stage stageid="59f9b303-9c0d-40d5-a731-e65ef2a980ed" name="maxLoops" type="Data">
    <subsheetid>23d9b88e-c796-45f1-9003-2d0eb76965a9</subsheetid>
    <narrative>
    </narrative>
    <displayx>315</displayx>
    <displayy>-15</displayy>
    <displaywidth>60</displaywidth>
    <displayheight>30</displayheight>
    <font family="Tahoma" size="10" style="Regular" color="000000" />
    <datatype>text</datatype>
    <initialvalue xml:space="preserve">5</initialvalue>
    <private />
    <alwaysinit />
  </stage>
  <stage stageid="4dabd04c-9e55-435f-9459-cf4628b50f32" name="Predefined Functions (String &amp; Dates)" type="SubSheetInfo">
    <subsheetid>ba6774d9-aef8-409d-ac08-3a697e2618ed</subsheetid>
    <narrative>
    </narrative>
    <displayx>-405</displayx>
    <displayy>-90</displayy>
    <displaywidth>150</displaywidth>
    <displayheight>90</displayheight>
    <font family="Tahoma" size="10" style="Regular" color="000000" />
  </stage>
  <stage stageid="40fb23c4-38c6-4d96-bf30-ac4d33259398" name="Start" type="Start">
    <subsheetid>ba6774d9-aef8-409d-ac08-3a697e2618ed</subsheetid>
    <narrative>
    </narrative>
    <displayx>15</displayx>
    <displayy>-180</displayy>
    <displaywidth>60</displaywidth>
    <displayheight>30</displayheight>
    <font family="Tahoma" size="10" style="Regular" color="000000" />
    <onsuccess>45ef3264-dd8e-40ec-ae2c-bc8e862b157d</onsuccess>
  </stage>
  <stage stageid="cb578c08-610e-4313-af94-ca250ffde478" name="End" type="End">
    <subsheetid>ba6774d9-aef8-409d-ac08-3a697e2618ed</subsheetid>
    <narrative>
    </narrative>
    <displayx>15</displayx>
    <displayy>180</displayy>
    <displaywidth>60</displaywidth>
    <displayheight>30</displayheight>
    <font family="Tahoma" size="10" style="Regular" color="000000" />
  </stage>
  <stage stageid="9c4c6c8b-8a5e-459d-98ff-4cddac6141fb" name="Some Text" type="Data">
    <subsheetid>ba6774d9-aef8-409d-ac08-3a697e2618ed</subsheetid>
    <narrative>
    </narrative>
    <displayx>285</displayx>
    <displayy>-225</displayy>
    <displaywidth>210</displaywidth>
    <displayheight>30</displayheight>
    <font family="Tahoma" size="10" style="Regular" color="000000" />
    <datatype>text</datatype>
    <initialvalue xml:space="preserve">How are we  doing Today??</initialvalue>
    <private />
    <alwaysinit />
  </stage>
  <stage stageid="45ef3264-dd8e-40ec-ae2c-bc8e862b157d" name="Instr([Some Text],&quot;?&quot;) &gt; 0" type="Decision">
    <subsheetid>ba6774d9-aef8-409d-ac08-3a697e2618ed</subsheetid>
    <narrative>
    </narrative>
    <displayx>15</displayx>
    <displayy>-60</displayy>
    <displaywidth>90</displaywidth>
    <displayheight>60</displayheight>
    <font family="Tahoma" size="10" style="Regular" color="000000" />
    <decision expression="Instr([Some Text],&quot;?&quot;) &gt; 0" />
    <ontrue>f478df58-ab59-4e04-b604-ec08d402ec75</ontrue>
    <onfalse>231d0443-f4b9-4967-93c0-bb052bf1fe4f</onfalse>
  </stage>
  <stage stageid="f478df58-ab59-4e04-b604-ec08d402ec75" name="Decision2" type="Decision">
    <subsheetid>ba6774d9-aef8-409d-ac08-3a697e2618ed</subsheetid>
    <narrative>
    </narrative>
    <displayx>165</displayx>
    <displayy>-60</displayy>
    <displaywidth>60</displaywidth>
    <displayheight>30</displayheight>
    <font family="Tahoma" size="10" style="Regular" color="000000" />
    <decision expression="Instr(lower([Some Text]),&quot;t&quot;) &gt; 0" />
    <ontrue>4dd88ce4-6cbf-4f32-a061-12273776d186</ontrue>
    <onfalse>655301d7-343f-4aed-affa-d51e4fb32bd3</onfalse>
  </stage>
  <stage stageid="4dd88ce4-6cbf-4f32-a061-12273776d186" name="Decision3" type="Decision">
    <subsheetid>ba6774d9-aef8-409d-ac08-3a697e2618ed</subsheetid>
    <narrative>
    </narrative>
    <displayx>315</displayx>
    <displayy>-60</displayy>
    <displaywidth>60</displaywidth>
    <displayheight>30</displayheight>
    <font family="Tahoma" size="10" style="Regular" color="000000" />
    <decision expression="" />
    <ontrue>4951f8d9-1033-4a5f-bec5-f1ead7f08909</ontrue>
    <onfalse>ca8497ee-cfb1-4b74-ab97-ebd6b30c0d6e</onfalse>
  </stage>
  <stage stageid="4db36e45-068e-4d0d-97d4-315d86bc579b" name="anchor4" type="Anchor">
    <subsheetid>ba6774d9-aef8-409d-ac08-3a697e2618ed</subsheetid>
    <narrative>
    </narrative>
    <displayx>165</displayx>
    <displayy>180</displayy>
    <displaywidth>10</displaywidth>
    <displayheight>10</displayheight>
    <font family="Tahoma" size="10" style="Regular" color="000000" />
    <onsuccess>cb578c08-610e-4313-af94-ca250ffde478</onsuccess>
  </stage>
  <stage stageid="17dd6600-58e2-4cdf-956f-9e6e5b949357" name="anchor5" type="Anchor">
    <subsheetid>ba6774d9-aef8-409d-ac08-3a697e2618ed</subsheetid>
    <narrative>
    </narrative>
    <displayx>315</displayx>
    <displayy>180</displayy>
    <displaywidth>10</displaywidth>
    <displayheight>10</displayheight>
    <font family="Tahoma" size="10" style="Regular" color="000000" />
    <onsuccess>4db36e45-068e-4d0d-97d4-315d86bc579b</onsuccess>
  </stage>
  <stage stageid="ca8497ee-cfb1-4b74-ab97-ebd6b30c0d6e" name="End1" type="End">
    <subsheetid>ba6774d9-aef8-409d-ac08-3a697e2618ed</subsheetid>
    <narrative>
    </narrative>
    <displayx>450</displayx>
    <displayy>-60</displayy>
    <displaywidth>60</displaywidth>
    <displayheight>30</displayheight>
    <font family="Tahoma" size="10" style="Regular" color="000000" />
  </stage>
  <stage stageid="655301d7-343f-4aed-affa-d51e4fb32bd3" name="Set Result" type="Calculation">
    <subsheetid>ba6774d9-aef8-409d-ac08-3a697e2618ed</subsheetid>
    <narrative>
    </narrative>
    <displayx>165</displayx>
    <displayy>60</displayy>
    <displaywidth>60</displaywidth>
    <displayheight>30</displayheight>
    <font family="Tahoma" size="10" style="Regular" color="000000" />
    <onsuccess>4db36e45-068e-4d0d-97d4-315d86bc579b</onsuccess>
    <calculation expression="&quot;Gone thru 2nd Decision box&quot;" stage="Some Text" />
  </stage>
  <stage stageid="231d0443-f4b9-4967-93c0-bb052bf1fe4f" name="Set Result" type="Calculation">
    <subsheetid>ba6774d9-aef8-409d-ac08-3a697e2618ed</subsheetid>
    <narrative>
    </narrative>
    <displayx>15</displayx>
    <displayy>60</displayy>
    <displaywidth>60</displaywidth>
    <displayheight>30</displayheight>
    <font family="Tahoma" size="10" style="Regular" color="000000" />
    <onsuccess>cb578c08-610e-4313-af94-ca250ffde478</onsuccess>
    <calculation expression="&quot;Gone thru 1st Decision box&quot;" stage="Some Text" />
  </stage>
  <stage stageid="4951f8d9-1033-4a5f-bec5-f1ead7f08909" name="Set Date" type="Calculation">
    <subsheetid>ba6774d9-aef8-409d-ac08-3a697e2618ed</subsheetid>
    <narrative>
    </narrative>
    <displayx>315</displayx>
    <displayy>60</displayy>
    <displaywidth>90</displaywidth>
    <displayheight>30</displayheight>
    <font family="Tahoma" size="10" style="Regular" color="000000" />
    <onsuccess>17dd6600-58e2-4cdf-956f-9e6e5b949357</onsuccess>
    <calculation expression="Today()" stage="SomeDate" />
  </stage>
  <stage stageid="1962e2a3-1374-48cf-a6c6-ada367db4c6f" name="SomeDate" type="Data">
    <subsheetid>ba6774d9-aef8-409d-ac08-3a697e2618ed</subsheetid>
    <narrative>
    </narrative>
    <displayx>450</displayx>
    <displayy>60</displayy>
    <displaywidth>90</displaywidth>
    <displayheight>30</displayheight>
    <font family="Tahoma" size="10" style="Regular" color="000000" />
    <datatype>date</datatype>
    <initialvalue />
    <private />
    <alwaysinit />
  </stage>
  <stage stageid="f3a679ae-1ef6-4f6f-80c7-81b4c0b54dd0" name="Step in- Step Out, Step Over - Set Next stage Breakpoint" type="SubSheetInfo">
    <subsheetid>e7dff3c3-95a7-4c37-bc04-d468d3d89888</subsheetid>
    <narrative>
    </narrative>
    <displayx>-195</displayx>
    <displayy>-105</displayy>
    <displaywidth>150</displaywidth>
    <displayheight>90</displayheight>
    <font family="Tahoma" size="10" style="Regular" color="000000" />
  </stage>
  <stage stageid="1adb7c93-2d3d-4806-9ed9-39dccbbec459" name="Start" type="Start">
    <subsheetid>e7dff3c3-95a7-4c37-bc04-d468d3d89888</subsheetid>
    <narrative>
    </narrative>
    <displayx>15</displayx>
    <displayy>-225</displayy>
    <displaywidth>60</displaywidth>
    <displayheight>30</displayheight>
    <font family="Tahoma" size="10" style="Regular" color="000000" />
    <onsuccess>c034ca3d-577c-4bf1-a013-889352ad0a7f</onsuccess>
  </stage>
  <stage stageid="3e8e07d6-b08d-4477-985c-e3ea3123f871" name="End" type="End">
    <subsheetid>e7dff3c3-95a7-4c37-bc04-d468d3d89888</subsheetid>
    <narrative>
    </narrative>
    <displayx>15</displayx>
    <displayy>120</displayy>
    <displaywidth>60</displaywidth>
    <displayheight>30</displayheight>
    <font family="Tahoma" size="10" style="Regular" color="000000" />
  </stage>
  <stage stageid="0850bf67-3288-4916-8b77-d28c5d4df1bc" name="Load Task 1" type="SubSheetInfo">
    <subsheetid>167b4d81-1620-42a1-adba-105dbca2e168</subsheetid>
    <narrative>
    </narrative>
    <displayx>-195</displayx>
    <displayy>-105</displayy>
    <displaywidth>150</displaywidth>
    <displayheight>90</displayheight>
    <font family="Tahoma" size="10" style="Regular" color="000000" />
  </stage>
  <stage stageid="46bbb7c4-085d-47f2-bca3-e3107c6b159e" name="Start" type="Start">
    <subsheetid>167b4d81-1620-42a1-adba-105dbca2e168</subsheetid>
    <narrative>
    </narrative>
    <displayx>15</displayx>
    <displayy>-105</displayy>
    <displaywidth>60</displaywidth>
    <displayheight>30</displayheight>
    <font family="Tahoma" size="10" style="Regular" color="000000" />
    <onsuccess>0db7cc30-05ca-4f2a-b799-ecbf056586f7</onsuccess>
  </stage>
  <stage stageid="86acf363-c23d-456c-9805-ccb7a3b6e058" name="End" type="End">
    <subsheetid>167b4d81-1620-42a1-adba-105dbca2e168</subsheetid>
    <narrative>
    </narrative>
    <displayx>15</displayx>
    <displayy>135</displayy>
    <displaywidth>60</displaywidth>
    <displayheight>30</displayheight>
    <font family="Tahoma" size="10" style="Regular" color="000000" />
  </stage>
  <stage stageid="a679f101-9bcc-4a9c-92e2-60663cb2483e" name="Load Task 2" type="SubSheetInfo">
    <subsheetid>6a0bdb12-5ba7-4dac-99d1-59a25ea5c648</subsheetid>
    <narrative>
    </narrative>
    <displayx>-195</displayx>
    <displayy>-105</displayy>
    <displaywidth>150</displaywidth>
    <displayheight>90</displayheight>
    <font family="Tahoma" size="10" style="Regular" color="000000" />
  </stage>
  <stage stageid="58882a5c-87df-438e-b00c-a5b2d8f5ee40" name="Start" type="Start">
    <subsheetid>6a0bdb12-5ba7-4dac-99d1-59a25ea5c648</subsheetid>
    <narrative>
    </narrative>
    <displayx>15</displayx>
    <displayy>-135</displayy>
    <displaywidth>60</displaywidth>
    <displayheight>30</displayheight>
    <font family="Tahoma" size="10" style="Regular" color="000000" />
    <onsuccess>6ab7785e-e6a2-44a6-af4e-f480b65e8caa</onsuccess>
  </stage>
  <stage stageid="b6175d5b-a05e-477b-9e4d-3dc2de539b8c" name="End" type="End">
    <subsheetid>6a0bdb12-5ba7-4dac-99d1-59a25ea5c648</subsheetid>
    <narrative>
    </narrative>
    <displayx>15</displayx>
    <displayy>150</displayy>
    <displaywidth>60</displaywidth>
    <displayheight>30</displayheight>
    <font family="Tahoma" size="10" style="Regular" color="000000" />
  </stage>
  <stage stageid="0db7cc30-05ca-4f2a-b799-ecbf056586f7" name="Some Code 1" type="Calculation">
    <subsheetid>167b4d81-1620-42a1-adba-105dbca2e168</subsheetid>
    <narrative>
    </narrative>
    <displayx>15</displayx>
    <displayy>-15</displayy>
    <displaywidth>90</displaywidth>
    <displayheight>30</displayheight>
    <font family="Tahoma" size="10" style="Regular" color="000000" />
    <onsuccess>86acf363-c23d-456c-9805-ccb7a3b6e058</onsuccess>
    <calculation expression="" stage="" />
  </stage>
  <stage stageid="6ab7785e-e6a2-44a6-af4e-f480b65e8caa" name="Some Code 2" type="Calculation">
    <subsheetid>6a0bdb12-5ba7-4dac-99d1-59a25ea5c648</subsheetid>
    <narrative>
    </narrative>
    <displayx>15</displayx>
    <displayy>0</displayy>
    <displaywidth>150</displaywidth>
    <displayheight>30</displayheight>
    <font family="Tahoma" size="10" style="Regular" color="000000" />
    <onsuccess>b6175d5b-a05e-477b-9e4d-3dc2de539b8c</onsuccess>
    <calculation expression="&quot;some login&quot;" stage="somevar" />
  </stage>
  <stage stageid="c034ca3d-577c-4bf1-a013-889352ad0a7f" name="Load Task 1" type="SubSheet">
    <subsheetid>e7dff3c3-95a7-4c37-bc04-d468d3d89888</subsheetid>
    <narrative>
    </narrative>
    <displayx>15</displayx>
    <displayy>-120</displayy>
    <displaywidth>90</displaywidth>
    <displayheight>30</displayheight>
    <font family="Tahoma" size="10" style="Regular" color="000000" />
    <onsuccess>551b800e-9a4b-47b7-97fe-9718fe26970b</onsuccess>
    <processid>167b4d81-1620-42a1-adba-105dbca2e168</processid>
  </stage>
  <stage stageid="551b800e-9a4b-47b7-97fe-9718fe26970b" name="Load Task 2" type="SubSheet">
    <subsheetid>e7dff3c3-95a7-4c37-bc04-d468d3d89888</subsheetid>
    <narrative>
    </narrative>
    <displayx>15</displayx>
    <displayy>-45</displayy>
    <displaywidth>90</displaywidth>
    <displayheight>30</displayheight>
    <font family="Tahoma" size="10" style="Regular" color="000000" />
    <onsuccess>3e8e07d6-b08d-4477-985c-e3ea3123f871</onsuccess>
    <processid>6a0bdb12-5ba7-4dac-99d1-59a25ea5c648</processid>
  </stage>
  <stage stageid="209d3340-e91e-4009-8972-8beac6256394" name="Exception Handling 1" type="SubSheetInfo">
    <subsheetid>cdf0cb07-0c31-4b34-9a70-54e28b709f56</subsheetid>
    <narrative>
    </narrative>
    <displayx>-390</displayx>
    <displayy>-90</displayy>
    <displaywidth>150</displaywidth>
    <displayheight>90</displayheight>
    <font family="Tahoma" size="10" style="Regular" color="000000" />
  </stage>
  <stage stageid="6675fda5-2a88-435c-b21f-72951c7fb6df" name="Start" type="Start">
    <subsheetid>cdf0cb07-0c31-4b34-9a70-54e28b709f56</subsheetid>
    <narrative>
    </narrative>
    <displayx>15</displayx>
    <displayy>-195</displayy>
    <displaywidth>60</displaywidth>
    <displayheight>30</displayheight>
    <font family="Tahoma" size="10" style="Regular" color="000000" />
    <onsuccess>c989c8fa-3477-4b32-9ba0-637d23d4a5f8</onsuccess>
  </stage>
  <stage stageid="91032093-0b28-4182-a840-3b3fdb8efe2a" name="End" type="End">
    <subsheetid>cdf0cb07-0c31-4b34-9a70-54e28b709f56</subsheetid>
    <narrative>
    </narrative>
    <displayx>15</displayx>
    <displayy>135</displayy>
    <displaywidth>60</displaywidth>
    <displayheight>30</displayheight>
    <font family="Tahoma" size="10" style="Regular" color="000000" />
  </stage>
  <stage stageid="ca0e6cf6-d17e-4aa4-9171-32ed7f7da768" name="Some work" type="Calculation">
    <subsheetid>cdf0cb07-0c31-4b34-9a70-54e28b709f56</subsheetid>
    <narrative>
    </narrative>
    <displayx>15</displayx>
    <displayy>-60</displayy>
    <displaywidth>120</displaywidth>
    <displayheight>30</displayheight>
    <font family="Tahoma" size="10" style="Regular" color="000000" />
    <onsuccess>91032093-0b28-4182-a840-3b3fdb8efe2a</onsuccess>
    <calculation expression="" stage="" />
  </stage>
  <stage stageid="c989c8fa-3477-4b32-9ba0-637d23d4a5f8" name="anchor6" type="Anchor">
    <subsheetid>cdf0cb07-0c31-4b34-9a70-54e28b709f56</subsheetid>
    <narrative>
    </narrative>
    <displayx>15</displayx>
    <displayy>-135</displayy>
    <displaywidth>10</displaywidth>
    <displayheight>10</displayheight>
    <font family="Tahoma" size="10" style="Regular" color="000000" />
    <onsuccess>ca0e6cf6-d17e-4aa4-9171-32ed7f7da768</onsuccess>
  </stage>
  <stage stageid="7c0c474c-f31d-49b2-aa8e-fb0c5c380cce" name="Block1" type="Block">
    <subsheetid>cdf0cb07-0c31-4b34-9a70-54e28b709f56</subsheetid>
    <narrative>
    </narrative>
    <displayx>-60</displayx>
    <displayy>-105</displayy>
    <displaywidth>450</displaywidth>
    <displayheight>105</displayheight>
    <font family="Tahoma" size="10" style="Regular" color="7FB2E5" />
  </stage>
  <stage stageid="4011f7f7-a15e-4d3a-8b2b-6102e2743dd4" name="Recover1" type="Recover">
    <subsheetid>cdf0cb07-0c31-4b34-9a70-54e28b709f56</subsheetid>
    <narrative>
    </narrative>
    <displayx>240</displayx>
    <displayy>-30</displayy>
    <displaywidth>60</displaywidth>
    <displayheight>30</displayheight>
    <font family="Tahoma" size="10" style="Regular" color="000000" />
    <onsuccess>de1f2279-cdad-4bb1-8011-7198d78af7c0</onsuccess>
  </stage>
  <stage stageid="0029993c-0084-43c8-9b53-e21954030840" name="Store Exception Details" type="Calculation">
    <subsheetid>cdf0cb07-0c31-4b34-9a70-54e28b709f56</subsheetid>
    <narrative>
    </narrative>
    <displayx>240</displayx>
    <displayy>-135</displayy>
    <displaywidth>150</displaywidth>
    <displayheight>30</displayheight>
    <font family="Tahoma" size="10" style="Regular" color="000000" />
    <onsuccess>c989c8fa-3477-4b32-9ba0-637d23d4a5f8</onsuccess>
    <calculation expression="" stage="" />
  </stage>
  <stage stageid="5eaebd52-d8d3-4548-a729-45a57030e2d5" name="Exception Handling 2" type="SubSheetInfo">
    <subsheetid>73ecb40c-4f1a-47a3-8163-a35d30150ea6</subsheetid>
    <narrative>
    </narrative>
    <displayx>-195</displayx>
    <displayy>-105</displayy>
    <displaywidth>150</displaywidth>
    <displayheight>90</displayheight>
    <font family="Tahoma" size="10" style="Regular" color="000000" />
  </stage>
  <stage stageid="db257d41-5dfb-45d1-96ad-f9853ee44ed6" name="Start" type="Start">
    <subsheetid>73ecb40c-4f1a-47a3-8163-a35d30150ea6</subsheetid>
    <narrative>
    </narrative>
    <displayx>120</displayx>
    <displayy>-105</displayy>
    <displaywidth>60</displaywidth>
    <displayheight>30</displayheight>
    <font family="Tahoma" size="10" style="Regular" color="000000" />
    <onsuccess>ae4811cf-e9f3-479d-b1df-5b6e211bab69</onsuccess>
  </stage>
  <stage stageid="d06a141b-a924-4a2a-b514-7f9270217564" name="End" type="End">
    <subsheetid>73ecb40c-4f1a-47a3-8163-a35d30150ea6</subsheetid>
    <narrative>
    </narrative>
    <displayx>120</displayx>
    <displayy>330</displayy>
    <displaywidth>60</displaywidth>
    <displayheight>30</displayheight>
    <font family="Tahoma" size="10" style="Regular" color="000000" />
  </stage>
  <stage stageid="cf7ea694-cadf-416d-bf7c-c16662bbd779" name="Some work" type="Calculation">
    <subsheetid>73ecb40c-4f1a-47a3-8163-a35d30150ea6</subsheetid>
    <narrative>
    </narrative>
    <displayx>120</displayx>
    <displayy>30</displayy>
    <displaywidth>120</displaywidth>
    <displayheight>30</displayheight>
    <font family="Tahoma" size="10" style="Regular" color="000000" />
    <onsuccess>d06a141b-a924-4a2a-b514-7f9270217564</onsuccess>
    <calculation expression="" stage="" />
  </stage>
  <stage stageid="ae4811cf-e9f3-479d-b1df-5b6e211bab69" name="anchor6" type="Anchor">
    <subsheetid>73ecb40c-4f1a-47a3-8163-a35d30150ea6</subsheetid>
    <narrative>
    </narrative>
    <displayx>120</displayx>
    <displayy>-45</displayy>
    <displaywidth>10</displaywidth>
    <displayheight>10</displayheight>
    <font family="Tahoma" size="10" style="Regular" color="000000" />
    <onsuccess>cf7ea694-cadf-416d-bf7c-c16662bbd779</onsuccess>
  </stage>
  <stage stageid="e2b62a0e-62e2-447c-b7b4-6bfedd538219" name="Block1" type="Block">
    <subsheetid>73ecb40c-4f1a-47a3-8163-a35d30150ea6</subsheetid>
    <narrative>
    </narrative>
    <displayx>45</displayx>
    <displayy>-15</displayy>
    <displaywidth>555</displaywidth>
    <displayheight>120</displayheight>
    <font family="Tahoma" size="10" style="Regular" color="7FB2E5" />
  </stage>
  <stage stageid="4065c956-7282-4ac2-a97c-41a703770864" name="Recover1" type="Recover">
    <subsheetid>73ecb40c-4f1a-47a3-8163-a35d30150ea6</subsheetid>
    <narrative>
    </narrative>
    <displayx>345</displayx>
    <displayy>30</displayy>
    <displaywidth>120</displaywidth>
    <displayheight>30</displayheight>
    <font family="Tahoma" size="10" style="Regular" color="000000" />
    <onsuccess>8378f2fb-c135-46e9-9748-3d64e6d59bc7</onsuccess>
  </stage>
  <stage stageid="8378f2fb-c135-46e9-9748-3d64e6d59bc7" name="Store Exception Details" type="Calculation">
    <subsheetid>73ecb40c-4f1a-47a3-8163-a35d30150ea6</subsheetid>
    <narrative>
    </narrative>
    <displayx>345</displayx>
    <displayy>210</displayy>
    <displaywidth>150</displaywidth>
    <displayheight>30</displayheight>
    <font family="Tahoma" size="10" style="Regular" color="000000" />
    <calculation expression="" stage="" />
  </stage>
  <stage stageid="347bc560-0796-45a6-a823-a7b2bf11218c" name="Resume1" type="Resume">
    <subsheetid>73ecb40c-4f1a-47a3-8163-a35d30150ea6</subsheetid>
    <narrative>
    </narrative>
    <displayx>345</displayx>
    <displayy>75</displayy>
    <displaywidth>60</displaywidth>
    <displayheight>30</displayheight>
    <font family="Tahoma" size="10" style="Regular" color="000000" />
  </stage>
  <stage stageid="6f8ffe9c-6e8e-4482-bdd4-f2c504361895" name="Block2" type="Block">
    <subsheetid>73ecb40c-4f1a-47a3-8163-a35d30150ea6</subsheetid>
    <narrative>
    </narrative>
    <displayx>195</displayx>
    <displayy>135</displayy>
    <displaywidth>525</displaywidth>
    <displayheight>135</displayheight>
    <font family="Tahoma" size="10" style="Regular" color="7FB2E5" />
  </stage>
  <stage stageid="639fa8ec-c4a8-435b-a83f-b668a00fde05" name="Recover2" type="Recover">
    <subsheetid>73ecb40c-4f1a-47a3-8163-a35d30150ea6</subsheetid>
    <narrative>
    </narrative>
    <displayx>555</displayx>
    <displayy>180</displayy>
    <displaywidth>60</displaywidth>
    <displayheight>30</displayheight>
    <font family="Tahoma" size="10" style="Regular" color="000000" />
    <onsuccess>26d64e7f-78c5-48fe-bce7-5961ebfd48ef</onsuccess>
  </stage>
  <stage stageid="fa25d7cd-3294-4b32-b348-d849d7cbb50d" name="Exception1" type="Exception">
    <subsheetid>73ecb40c-4f1a-47a3-8163-a35d30150ea6</subsheetid>
    <narrative>
    </narrative>
    <displayx>765</displayx>
    <displayy>180</displayy>
    <displaywidth>60</displaywidth>
    <displayheight>30</displayheight>
    <font family="Tahoma" size="10" style="Regular" color="000000" />
    <exception type="" detail="" usecurrent="yes" />
  </stage>
  <stage stageid="5579b150-d8ec-43c9-92ba-752578455609" name="Exception Handling 3 - Retries" type="SubSheetInfo">
    <subsheetid>f1d78483-cf95-464f-9076-cd4fd10ac2c4</subsheetid>
    <narrative>
    </narrative>
    <displayx>-195</displayx>
    <displayy>-105</displayy>
    <displaywidth>150</displaywidth>
    <displayheight>90</displayheight>
    <font family="Tahoma" size="10" style="Regular" color="000000" />
  </stage>
  <stage stageid="2a99e921-e9fd-4b6f-87f7-83a84cd90cca" name="Start" type="Start">
    <subsheetid>f1d78483-cf95-464f-9076-cd4fd10ac2c4</subsheetid>
    <narrative>
    </narrative>
    <displayx>30</displayx>
    <displayy>-105</displayy>
    <displaywidth>60</displaywidth>
    <displayheight>30</displayheight>
    <font family="Tahoma" size="10" style="Regular" color="000000" />
    <onsuccess>63487998-431c-4dfa-b5cb-4987047b2989</onsuccess>
  </stage>
  <stage stageid="1d7acc54-ccf6-4c7e-aa3b-bd5b18379aa9" name="End" type="End">
    <subsheetid>f1d78483-cf95-464f-9076-cd4fd10ac2c4</subsheetid>
    <narrative>
    </narrative>
    <displayx>30</displayx>
    <displayy>165</displayy>
    <displaywidth>60</displaywidth>
    <displayheight>30</displayheight>
    <font family="Tahoma" size="10" style="Regular" color="000000" />
  </stage>
  <stage stageid="d24b2307-f460-4fbb-9b7a-6ebc1a1665d8" name="Some work" type="Calculation">
    <subsheetid>f1d78483-cf95-464f-9076-cd4fd10ac2c4</subsheetid>
    <narrative>
    </narrative>
    <displayx>30</displayx>
    <displayy>75</displayy>
    <displaywidth>120</displaywidth>
    <displayheight>30</displayheight>
    <font family="Tahoma" size="10" style="Regular" color="000000" />
    <onsuccess>1d7acc54-ccf6-4c7e-aa3b-bd5b18379aa9</onsuccess>
    <calculation expression="" stage="" />
  </stage>
  <stage stageid="63487998-431c-4dfa-b5cb-4987047b2989" name="anchor6" type="Anchor">
    <subsheetid>f1d78483-cf95-464f-9076-cd4fd10ac2c4</subsheetid>
    <narrative>
    </narrative>
    <displayx>30</displayx>
    <displayy>-45</displayy>
    <displaywidth>10</displaywidth>
    <displayheight>10</displayheight>
    <font family="Tahoma" size="10" style="Regular" color="000000" />
    <onsuccess>d24b2307-f460-4fbb-9b7a-6ebc1a1665d8</onsuccess>
  </stage>
  <stage stageid="0b9c1d89-58b7-4e74-a01e-6a5a302711ee" name="Block1" type="Block">
    <subsheetid>f1d78483-cf95-464f-9076-cd4fd10ac2c4</subsheetid>
    <narrative>
    </narrative>
    <displayx>-45</displayx>
    <displayy>0</displayy>
    <displaywidth>450</displaywidth>
    <displayheight>105</displayheight>
    <font family="Tahoma" size="10" style="Regular" color="7FB2E5" />
  </stage>
  <stage stageid="ac62d810-57bd-408d-915d-b3f4b47fb629" name="Recover1" type="Recover">
    <subsheetid>f1d78483-cf95-464f-9076-cd4fd10ac2c4</subsheetid>
    <narrative>
    </narrative>
    <displayx>315</displayx>
    <displayy>75</displayy>
    <displaywidth>60</displaywidth>
    <displayheight>30</displayheight>
    <font family="Tahoma" size="10" style="Regular" color="000000" />
    <onsuccess>2dd9d585-d474-4d89-a907-e647c30bdc2d</onsuccess>
  </stage>
  <stage stageid="2dd9d585-d474-4d89-a907-e647c30bdc2d" name="INcrease sleep Timer" type="Calculation">
    <subsheetid>f1d78483-cf95-464f-9076-cd4fd10ac2c4</subsheetid>
    <narrative>
    </narrative>
    <displayx>315</displayx>
    <displayy>-45</displayy>
    <displaywidth>90</displaywidth>
    <displayheight>60</displayheight>
    <font family="Tahoma" size="10" style="Regular" color="000000" />
    <onsuccess>1480d589-c810-4584-9715-72fa2ccdb3ad</onsuccess>
    <calculation expression="[CurrentSleepCounter] + 5" stage="CurrentSleepCounter" />
  </stage>
  <stage stageid="4d2025c0-1da4-4db7-a8b2-6ef4d0dda8d9" name="Sleep 5 Sec" type="Action">
    <subsheetid>f1d78483-cf95-464f-9076-cd4fd10ac2c4</subsheetid>
    <narrative>
    </narrative>
    <displayx>105</displayx>
    <displayy>-45</displayy>
    <displaywidth>60</displaywidth>
    <displayheight>30</displayheight>
    <font family="Tahoma" size="10" style="Regular" color="000000" />
    <onsuccess>63487998-431c-4dfa-b5cb-4987047b2989</onsuccess>
    <resource object="" action="" />
  </stage>
  <stage stageid="0448958f-d0e5-4c31-872e-ccc10818e971" name="Max Sleep Time 35 Sec" type="Data">
    <subsheetid>f1d78483-cf95-464f-9076-cd4fd10ac2c4</subsheetid>
    <narrative>
    </narrative>
    <displayx>480</displayx>
    <displayy>-135</displayy>
    <displaywidth>180</displaywidth>
    <displayheight>30</displayheight>
    <font family="Tahoma" size="10" style="Regular" color="000000" />
    <datatype>number</datatype>
    <initialvalue>35</initialvalue>
    <private />
    <alwaysinit />
  </stage>
  <stage stageid="65205fcf-ae61-4212-a6a4-a1d2d6877eb2" name="CurrentSleepCounter" type="Data">
    <subsheetid>f1d78483-cf95-464f-9076-cd4fd10ac2c4</subsheetid>
    <narrative>
    </narrative>
    <displayx>480</displayx>
    <displayy>-60</displayy>
    <displaywidth>60</displaywidth>
    <displayheight>30</displayheight>
    <font family="Tahoma" size="10" style="Regular" color="000000" />
    <datatype>text</datatype>
    <initialvalue />
    <private />
    <alwaysinit />
  </stage>
  <stage stageid="1480d589-c810-4584-9715-72fa2ccdb3ad" name="????" type="Decision">
    <subsheetid>f1d78483-cf95-464f-9076-cd4fd10ac2c4</subsheetid>
    <narrative>
    </narrative>
    <displayx>210</displayx>
    <displayy>-45</displayy>
    <displaywidth>60</displaywidth>
    <displayheight>30</displayheight>
    <font family="Tahoma" size="10" style="Regular" color="000000" />
    <decision expression="" />
    <ontrue>4d2025c0-1da4-4db7-a8b2-6ef4d0dda8d9</ontrue>
    <onfalse>bbe769ff-0c34-41c9-b19f-05cb29e058a7</onfalse>
  </stage>
  <stage stageid="bbe769ff-0c34-41c9-b19f-05cb29e058a7" name="Exception2" type="Exception">
    <subsheetid>f1d78483-cf95-464f-9076-cd4fd10ac2c4</subsheetid>
    <narrative>
    </narrative>
    <displayx>210</displayx>
    <displayy>-165</displayy>
    <displaywidth>60</displaywidth>
    <displayheight>30</displayheight>
    <font family="Tahoma" size="10" style="Regular" color="000000" />
    <exception type="" detail="" />
  </stage>
  <stage stageid="cde28250-7c25-4452-adbb-17b527e3ba7f" name="SomeDate2" type="Data">
    <subsheetid>ba6774d9-aef8-409d-ac08-3a697e2618ed</subsheetid>
    <narrative>
    </narrative>
    <displayx>465</displayx>
    <displayy>120</displayy>
    <displaywidth>60</displaywidth>
    <displayheight>30</displayheight>
    <font family="Tahoma" size="10" style="Regular" color="000000" />
    <datatype>datetime</datatype>
    <initialvalue />
    <private />
    <alwaysinit />
  </stage>
  <stage stageid="c31000cb-c810-470a-98fa-1b5883ddedb4" name="Object calling" type="SubSheetInfo">
    <subsheetid>fa99fe50-7a81-420d-9d8c-3fa83ddc9770</subsheetid>
    <narrative>
    </narrative>
    <displayx>-195</displayx>
    <displayy>-105</displayy>
    <displaywidth>150</displaywidth>
    <displayheight>90</displayheight>
    <font family="Tahoma" size="10" style="Regular" color="000000" />
  </stage>
  <stage stageid="ea749026-b595-4a7d-b649-f49090989c42" name="Start" type="Start">
    <subsheetid>fa99fe50-7a81-420d-9d8c-3fa83ddc9770</subsheetid>
    <narrative>
    </narrative>
    <displayx>15</displayx>
    <displayy>-105</displayy>
    <displaywidth>60</displaywidth>
    <displayheight>30</displayheight>
    <font family="Tahoma" size="10" style="Regular" color="000000" />
    <onsuccess>58ed9a9a-883d-4b7c-8c2b-4f35e82df4d5</onsuccess>
  </stage>
  <stage stageid="c3b11132-270e-477f-88c4-7cc995a1dc9e" name="End" type="End">
    <subsheetid>fa99fe50-7a81-420d-9d8c-3fa83ddc9770</subsheetid>
    <narrative>
    </narrative>
    <displayx>15</displayx>
    <displayy>90</displayy>
    <displaywidth>60</displaywidth>
    <displayheight>30</displayheight>
    <font family="Tahoma" size="10" style="Regular" color="000000" />
  </stage>
  <stage stageid="58ed9a9a-883d-4b7c-8c2b-4f35e82df4d5" name="Call Multiply" type="Action">
    <subsheetid>fa99fe50-7a81-420d-9d8c-3fa83ddc9770</subsheetid>
    <narrative>
    </narrative>
    <displayx>15</displayx>
    <displayy>-15</displayy>
    <displaywidth>60</displaywidth>
    <displayheight>30</displayheight>
    <font family="Tahoma" size="10" style="Regular" color="000000" />
    <inputs>
      <input type="number" name="xIn" expr="4" />
      <input type="number" name="yIn" expr="5" />
      <input type="text" name="Operation" expr="&quot;Multi&quot;" />
    </inputs>
    <outputs>
      <output type="number" name="zOut" stage="" />
    </outputs>
    <onsuccess>c3b11132-270e-477f-88c4-7cc995a1dc9e</onsuccess>
    <resource object="Training Calculator" action="Perform Operation" />
  </stage>
  <stage stageid="af8c9900-a09e-4c29-ad89-f4a64a19dc93" name="somevar" type="Data">
    <subsheetid>6a0bdb12-5ba7-4dac-99d1-59a25ea5c648</subsheetid>
    <narrative>
    </narrative>
    <displayx>135</displayx>
    <displayy>0</displayy>
    <displaywidth>60</displaywidth>
    <displayheight>30</displayheight>
    <font family="Tahoma" size="10" style="Regular" color="000000" />
    <datatype>text</datatype>
    <initialvalue />
    <private />
    <alwaysinit />
  </stage>
  <stage stageid="de1f2279-cdad-4bb1-8011-7198d78af7c0" name="Resume2" type="Resume">
    <subsheetid>cdf0cb07-0c31-4b34-9a70-54e28b709f56</subsheetid>
    <narrative>
    </narrative>
    <displayx>240</displayx>
    <displayy>-75</displayy>
    <displaywidth>60</displaywidth>
    <displayheight>30</displayheight>
    <font family="Tahoma" size="10" style="Regular" color="000000" />
    <onsuccess>0029993c-0084-43c8-9b53-e21954030840</onsuccess>
  </stage>
  <stage stageid="286d5509-88a2-42c0-83d8-dc3797958c59" name="Calc3" type="Calculation">
    <subsheetid>73ecb40c-4f1a-47a3-8163-a35d30150ea6</subsheetid>
    <narrative>
    </narrative>
    <displayx>450</displayx>
    <displayy>60</displayy>
    <displaywidth>60</displaywidth>
    <displayheight>30</displayheight>
    <font family="Tahoma" size="10" style="Regular" color="000000" />
    <calculation expression="" />
  </stage>
  <stage stageid="26d64e7f-78c5-48fe-bce7-5961ebfd48ef" name="Resume3" type="Resume">
    <subsheetid>73ecb40c-4f1a-47a3-8163-a35d30150ea6</subsheetid>
    <narrative>
    </narrative>
    <displayx>555</displayx>
    <displayy>240</displayy>
    <displaywidth>60</displaywidth>
    <displayheight>30</displayheight>
    <font family="Tahoma" size="10" style="Regular" color="000000" />
    <onsuccess>fa25d7cd-3294-4b32-b348-d849d7cbb50d</onsuccess>
  </stage>
</process>